{
    "type": "postgres",
    "host": "localhost",
    "port": 5432,
    "username": "postgres",
    "password": "postgres",
    "database": "vinyls",
    "synchronize": false,
    "logging": false,
    "entities": [
        "src/**/*entity.ts"
    ],
    "migrations": [
        "src/migration/**/*.ts"
    ],
    "subscribers": [
        "src/subscriber/**/*.ts"
    ],
    "cli": {
        "entitiesDir": "src/",
        "migrationsDir": "src/migration",
        "subscribersDir": "src/subscriber"
    }
}